date,jour,type_evenement,jauge,billets_vendus,prix_billet,recette,cout_production,delai_annonce_jours
2025-09-01,lundi,Exposition,80,50,0,0,320,20
2025-09-02,mardi,Exposition,80,53,0,0,320,14
2025-09-03,mercredi,Atelier,30,28,8,224,180,19
2025-09-05,vendredi,Concert,150,88,14,1232,780,19
2025-09-10,mercredi,Atelier,30,25,8,200,180,29
2025-09-12,vendredi,Concert,150,82,14,1148,780,11
2025-09-13,samedi,Concert,150,70,14,980,780,7
2025-09-17,mercredi,Atelier,30,25,8,200,180,33
2025-09-19,vendredi,Concert,150,58,14,812,780,2
2025-09-20,samedi,Concert,150,26,14,364,780,5
2025-09-22,lundi,Exposition,80,35,0,0,320,21
2025-09-23,mardi,Exposition,80,30,0,0,320,4
2025-09-24,mercredi,Atelier,30,23,8,184,180,16
2025-09-26,vendredi,Concert,150,52,14,728,780,2
2025-09-27,samedi,Concert,150,97,14,1358,780,38
2025-09-29,lundi,Exposition,80,42,0,0,320,44
2025-10-01,mercredi,Atelier,30,26,8,208,180,24
2025-10-03,vendredi,Concert,150,97,14,1358,780,41
2025-10-04,samedi,Concert,150,64,14,896,780,35
2025-10-06,lundi,Exposition,80,31,0,0,320,35
2025-10-08,mercredi,Atelier,30,26,8,208,180,22
2025-10-09,jeudi,Exposition,80,41,0,0,320,33
2025-10-10,vendredi,Concert,150,35,14,490,780,5
2025-10-11,samedi,Concert,150,48,14,672,780,6
2025-10-12,dimanche,Exposition,80,32,0,0,320,3
2025-10-15,mercredi,Atelier,30,22,8,176,180,11
2025-10-16,jeudi,Exposition,80,29,0,0,320,4
2025-10-17,vendredi,Concert,150,100,14,1400,780,35
2025-10-18,samedi,Concert,150,62,14,868,780,2
2025-10-22,mercredi,Atelier,30,25,8,200,180,18
2025-10-23,jeudi,Exposition,80,42,0,0,320,17
2025-10-24,vendredi,Concert,150,36,14,504,780,5
2025-10-25,samedi,Concert,150,77,14,1078,780,29
2025-10-27,lundi,Exposition,80,23,0,0,320,6
2025-10-29,mercredi,Atelier,30,30,8,240,180,22
2025-10-30,jeudi,Exposition,80,23,0,0,320,4
2025-10-31,vendredi,Concert,150,70,14,980,780,37
2025-11-01,samedi,Concert,150,58,14,812,780,37
2025-11-05,mercredi,Atelier,30,29,8,232,180,29
2025-11-06,jeudi,Exposition,80,49,0,0,320,12
2025-11-07,vendredi,Concert,150,81,14,1134,780,23
2025-11-08,samedi,Concert,150,90,14,1260,780,37
2025-11-09,dimanche,Exposition,80,42,0,0,320,14
2025-11-11,mardi,Exposition,80,46,0,0,320,15
2025-11-12,mercredi,Atelier,30,29,8,232,180,14
2025-11-13,jeudi,Exposition,80,19,0,0,320,2
2025-11-14,vendredi,Concert,150,28,14,392,780,5
2025-11-15,samedi,Concert,150,53,14,742,780,3
2025-11-17,lundi,Exposition,80,50,0,0,320,34
2025-11-19,mercredi,Atelier,30,27,8,216,180,20
2025-11-21,vendredi,Concert,150,46,14,644,780,6
2025-11-26,mercredi,Atelier,30,28,8,224,180,12
2025-11-28,vendredi,Concert,150,65,14,910,780,8
2025-11-29,samedi,Concert,150,50,14,700,780,4
2025-12-03,mercredi,Atelier,30,12,8,96,180,6
2025-12-04,jeudi,Exposition,80,32,0,0,320,5
2025-12-05,vendredi,Concert,150,90,14,1260,780,31
2025-12-06,samedi,Concert,150,14,14,196,780,5
2025-12-09,mardi,Exposition,80,32,0,0,320,6
2025-12-10,mercredi,Atelier,30,25,8,200,180,19
2025-12-12,vendredi,Concert,150,27,14,378,780,3
2025-12-13,samedi,Concert,150,59,14,826,780,25
2025-12-15,lundi,Exposition,80,42,0,0,320,21
2025-12-17,mercredi,Atelier,30,15,8,120,180,6
2025-12-19,vendredi,Concert,150,23,14,322,780,2
2025-12-20,samedi,Concert,150,71,14,994,780,19
2025-12-24,mercredi,Atelier,30,28,8,224,180,19
2025-12-26,vendredi,Concert,150,48,14,672,780,6
2025-12-27,samedi,Concert,150,45,14,630,780,2
2025-12-28,dimanche,Exposition,80,48,0,0,320,9
2025-12-31,mercredi,Atelier,30,22,8,176,180,44
2026-01-02,vendredi,Concert,150,81,14,1134,780,45
2026-01-03,samedi,Concert,150,65,14,910,780,42
2026-01-07,mercredi,Atelier,30,25,8,200,180,13
2026-01-09,vendredi,Concert,150,71,14,994,780,40
2026-01-10,samedi,Concert,150,28,14,392,780,4
2026-01-11,dimanche,Exposition,80,66,0,0,320,9
2026-01-14,mercredi,Atelier,30,24,8,192,180,35
2026-01-15,jeudi,Exposition,80,51,0,0,320,23
2026-01-16,vendredi,Concert,150,83,14,1162,780,18
2026-01-17,samedi,Concert,150,23,14,322,780,4
2026-01-21,mercredi,Atelier,30,29,8,232,180,22
2026-01-23,vendredi,Concert,150,82,14,1148,780,33
2026-01-24,samedi,Concert,150,71,14,994,780,7
2026-01-27,mardi,Exposition,80,35,0,0,320,20
2026-01-28,mercredi,Atelier,30,24,8,192,180,10
2026-01-30,vendredi,Concert,150,38,14,532,780,3
2026-01-31,samedi,Concert,150,74,14,1036,780,16
2026-02-04,mercredi,Atelier,30,26,8,208,180,17
2026-02-05,jeudi,Exposition,80,42,0,0,320,36
2026-02-06,vendredi,Concert,150,71,14,994,780,20
2026-02-07,samedi,Concert,150,82,14,1148,780,13
2026-02-08,dimanche,Exposition,80,44,0,0,320,9
2026-02-09,lundi,Exposition,80,41,0,0,320,44
2026-02-11,mercredi,Atelier,30,29,8,232,180,33
2026-02-13,vendredi,Concert,150,82,14,1148,780,23
2026-02-14,samedi,Concert,150,36,14,504,780,4
2026-02-16,lundi,Exposition,80,47,0,0,320,43
2026-02-17,mardi,Exposition,80,52,0,0,320,34
2026-02-18,mercredi,Atelier,30,13,8,104,180,3
2026-02-20,vendredi,Concert,150,102,14,1428,780,22
2026-02-21,samedi,Concert,150,86,14,1204,780,35
2026-02-22,dimanche,Exposition,80,51,0,0,320,30
2026-02-25,mercredi,Atelier,30,15,8,120,180,4
2026-02-27,vendredi,Concert,150,70,14,980,780,26
2026-02-28,samedi,Concert,150,61,14,854,780,28
2026-03-03,mardi,Exposition,80,48,0,0,320,26
2026-03-04,mercredi,Atelier,30,27,8,216,180,25
2026-03-06,vendredi,Concert,150,73,14,1022,780,32
2026-03-07,samedi,Concert,150,57,14,798,780,4
2026-03-10,mardi,Exposition,80,42,0,0,320,32
2026-03-11,mercredi,Atelier,30,26,8,208,180,7
2026-03-13,vendredi,Concert,150,41,14,574,780,35
2026-03-14,samedi,Concert,150,77,14,1078,780,8
2026-03-15,dimanche,Exposition,80,58,0,0,320,16
2026-03-17,mardi,Exposition,80,46,0,0,320,13
2026-03-18,mercredi,Atelier,30,24,8,192,180,24
2026-03-20,vendredi,Concert,150,78,14,1092,780,15
2026-03-20,vendredi,Concert,400,380,14,5320,1400,32
2026-03-25,mercredi,Atelier,30,30,8,240,180,18
2026-03-26,jeudi,Exposition,80,17,0,0,320,5
2026-03-27,vendredi,Concert,150,54,14,756,780,13
2026-03-28,samedi,Concert,150,52,14,728,780,6
2026-04-01,mercredi,Atelier,30,30,8,240,180,26
2026-04-03,vendredi,Concert,150,69,14,966,780,16
2026-04-04,samedi,Concert,150,71,14,994,780,31
2026-04-08,mercredi,Atelier,30,27,8,216,180,12
2026-04-10,vendredi,Concert,150,63,14,882,780,27
2026-04-11,samedi,Concert,150,94,14,1316,780,8
2026-04-12,dimanche,Exposition,80,42,0,0,320,8
2026-04-13,lundi,Exposition,80,54,0,0,320,25
2026-04-15,mercredi,Atelier,30,28,8,224,180,20
2026-04-17,vendredi,Concert,150,62,14,868,780,30
2026-04-18,samedi,Concert,150,78,14,1092,780,20
2026-04-20,lundi,Exposition,80,25,0,0,320,6
2026-04-22,mercredi,Atelier,30,22,8,176,180,15
2026-04-24,vendredi,Concert,150,46,14,644,780,25
2026-04-25,samedi,Concert,150,42,14,588,780,2
2026-04-29,mercredi,Atelier,30,27,8,216,180,26
2026-05-01,vendredi,Concert,150,72,14,1008,780,42
2026-05-02,samedi,Concert,150,73,14,1022,780,20
2026-05-06,mercredi,Atelier,30,21,8,168,180,2
2026-05-08,vendredi,Concert,150,46,14,644,780,2
2026-05-11,lundi,Exposition,80,13,0,0,320,6
2026-05-13,mercredi,Atelier,30,28,8,224,180,18
2026-05-15,vendredi,Concert,150,67,14,938,780,19
2026-05-20,mercredi,Atelier,30,30,8,240,180,33
2026-05-22,vendredi,Concert,150,78,14,1092,780,12
2026-05-23,samedi,Concert,150,91,14,1274,780,33
2026-05-27,mercredi,Atelier,30,12,8,96,180,5
2026-05-29,vendredi,Concert,150,19,14,266,780,4
2026-05-30,samedi,Concert,150,60,14,840,780,17
2026-06-01,lundi,Exposition,80,36,0,0,320,30
2026-06-03,mercredi,Atelier,30,24,8,192,180,7
2026-06-04,jeudi,Exposition,80,27,0,0,320,6
2026-06-05,vendredi,Concert,150,80,14,1120,780,19
2026-06-06,samedi,Concert,150,60,14,840,780,28
2026-06-10,mercredi,Atelier,30,15,8,120,180,6
2026-06-12,vendredi,Concert,150,19,14,266,780,2
2026-06-13,samedi,Concert,150,91,14,1274,780,11
2026-06-14,dimanche,Exposition,80,58,0,0,320,26
2026-06-17,mercredi,Atelier,30,26,8,208,180,28
2026-06-19,vendredi,Concert,150,78,14,1092,780,11
2026-06-20,samedi,Concert,150,50,14,700,780,2
2026-06-24,mercredi,Atelier,30,28,8,224,180,43
2026-06-25,jeudi,Exposition,80,29,0,0,320,4
2026-06-26,vendredi,Concert,150,41,14,574,780,3
2026-06-27,samedi,Concert,150,70,14,980,780,29
